<?xml version="1.1" encoding="UTF-8"?>

<project i18n.job.generated.documetation="Generated documentation" i18n.job.project.name="Project Name" i18n.job.generated.date="GENERATION DATE" i18n.job.author="AUTHOR" i18n.job.summary="Summary" i18n.job.project.description="Project Description" i18n.job.job.description="Description" i18n.job.job.preview.picture="Preview Picture" i18n.job.job.setting="Settings" i18n.job.context.list="Context List" i18n.job.component.list="Component List" i18n.job.components.description="Components Description" i18n.job.source.code="Source Code" i18n.job.properties="Properties" i18n.job.values="Values" i18n.job.name="Name" i18n.job.language="Language" i18n.job.description="Description" i18n.job.author.min="Author" i18n.job.version="Version" i18n.job.purpose="Purpose" i18n.job.status="Status" i18n.job.creation="Creation" i18n.job.modification="Modification" i18n.job.extract.settings="Extra settings" i18n.job.value="Value" i18n.job.stats.logs="Status &amp; Logs" i18n.job.context="Context" i18n.job.promt="Prompt" i18n.job.need.promt="Need Prompt?" i18n.job.type="Type" i18n.job.source="Source" i18n.job.component.name="Component Name" i18n.job.component.type="Component Type" i18n.job.component="Component" i18n.job.unique.name="UNIQUE NAME" i18n.job.input="INPUT(S)" i18n.job.label="LABEL" i18n.job.output="OUTPUT(S)" i18n.job.component.parameters="Component Parameters:" i18n.job.schema.for="Schema for " i18n.job.column="Column" i18n.job.key="Key" i18n.job.length="Length" i18n.job.precision="Precision" i18n.job.nullable="Nullable" i18n.job.comment="Comment" i18n.job.original.function.parameters="Original Function Parameters:" i18n.job.ended="ended" i18n.job.content="content" i18n.route.manifest.type="Type" i18n.route.manifest.value="Value" i18n.route.resource.name="Name" i18n.route.resource.version="Version" i18n.route.resource.path="Path" name="FootballDW" logo="pictures/logo.jpg" title="Generated by Talend Open Studio for Data Integration" link="http://www.talend.com" language="java" generatedDate="Aug 17, 2021 1:07:40 PM" versionName="Talend Open Studio VERSION " version="7.3.1.20200219_1130" docType="Jobs" company="">
  <pro-description><![CDATA[]]></pro-description>
  <job name="football_etl" author="user@talend.com" i18n.job.extract.settings.type="i18n.job.extract.settings" i18n.job.stats.logs.type="i18n.job.stats.logs" version="0.1" purpose="This job's purpose is to apply ETL on SQLite DB" status="DEV" creation="Aug 17, 2021 5:59:03 AM" modification="Aug 17, 2021 12:36:10 PM">
    <description><![CDATA[In this job I'm using different TDI tools to convert data from SQLite files to SQL Server to create DW Start Schema for <br/>it. Then creating the Data Cube using Visual Studio, Finally representing the data in Power BI.]]></description>
    <preview picture="pictures/football_etl_0.1.png"/>
    <contextList>
      <context name="Default">
        <contextParameter name="SQLDWConnection_Port" prompt="SQLDWConnection_Port?" promptNeeded="false" type="id_String" value="1433" source="SQLDWConnection"/>
        <contextParameter name="SQLDWConnection_Database" prompt="SQLDWConnection_Database?" promptNeeded="false" type="id_String" value="MatchDW" source="SQLDWConnection"/>
        <contextParameter name="SQLDWConnection_Login" prompt="SQLDWConnection_Login?" promptNeeded="false" type="id_String" value="TalendConnection" source="SQLDWConnection"/>
        <contextParameter name="SQLDWConnection_Server" prompt="SQLDWConnection_Server?" promptNeeded="false" type="id_String" value="localhost" source="SQLDWConnection"/>
        <contextParameter name="SQLDWConnection_Schema" prompt="SQLDWConnection_Schema?" promptNeeded="false" type="id_String" value="dbo" source="SQLDWConnection"/>
        <contextParameter name="SQLDWConnection_Password" prompt="SQLDWConnection_Password?" promptNeeded="false" type="id_Password" value="**********" source="SQLDWConnection"/>
        <contextParameter name="SQLDWConnection_AdditionalParams" prompt="SQLDWConnection_AdditionalParams?" promptNeeded="false" type="id_String" value="" source="SQLDWConnection"/>
      </context>
      <context name="Football_Project">
        <contextParameter name="SQLDWConnection_Port" prompt="SQLDWConnection_Port?" promptNeeded="false" type="id_String" value="1433" source="SQLDWConnection"/>
        <contextParameter name="SQLDWConnection_Database" prompt="SQLDWConnection_Database?" promptNeeded="false" type="id_String" value="MatchDW" source="SQLDWConnection"/>
        <contextParameter name="SQLDWConnection_Login" prompt="SQLDWConnection_Login?" promptNeeded="false" type="id_String" value="TalendConnection" source="SQLDWConnection"/>
        <contextParameter name="SQLDWConnection_Server" prompt="SQLDWConnection_Server?" promptNeeded="false" type="id_String" value="localhost" source="SQLDWConnection"/>
        <contextParameter name="SQLDWConnection_Schema" prompt="SQLDWConnection_Schema?" promptNeeded="false" type="id_String" value="dbo" source="SQLDWConnection"/>
        <contextParameter name="SQLDWConnection_Password" prompt="SQLDWConnection_Password?" promptNeeded="false" type="id_Password" value="**********" source="SQLDWConnection"/>
        <contextParameter name="SQLDWConnection_AdditionalParams" prompt="SQLDWConnection_AdditionalParams?" promptNeeded="false" type="id_String" value="" source="SQLDWConnection"/>
      </context>
    </contextList>
    <jobSetting>
      <extra>
        <jobParameter name="COMP_DEFAULT_FILE_DIR" value=""/>
        <jobParameter name="Multi thread execution" value="false"/>
        <jobParameter name="Implicit tContextLoad" value="false"/>
      </extra>
      <Statslogs>
        <jobParameter name="Use statistics (tStatCatcher)" value="false"/>
        <jobParameter name="Use logs (tLogCatcher)" value="false"/>
        <jobParameter name="Use volumetrics (tFlowMeterCatcher)" value="false"/>
        <jobParameter name="On Console" value="false"/>
        <jobParameter name="On Files" value="false"/>
        <jobParameter name="On Databases" value="false"/>
        <jobParameter name="Catch components statistics" value="false"/>
        <jobParameter name="Catch runtime errors" value="true"/>
        <jobParameter name="Catch user errors" value="true"/>
        <jobParameter name="Catch user warnings" value="true"/>
      </Statslogs>
    </jobSetting>
    <componentList>
      <componentItem name="tDBConnection_5" link="tDBConnection_5" type="tMSSqlConnection" leftTopX="128" leftTopY="1120" rightBottomX="160" rightBottomY="1152"/>
      <componentItem name="tDBInput_10" link="tDBInput_10" type="tMSSqlInput" leftTopX="320" leftTopY="1152" rightBottomX="352" rightBottomY="1184"/>
      <componentItem name="tDBInput_11" link="tDBInput_11" type="tMSSqlInput" leftTopX="416" leftTopY="1280" rightBottomX="448" rightBottomY="1312"/>
      <componentItem name="tDBInput_8" link="tDBInput_8" type="tMSSqlInput" leftTopX="384" leftTopY="960" rightBottomX="416" rightBottomY="992"/>
      <componentItem name="tDBInput_9" link="tDBInput_9" type="tMSSqlInput" leftTopX="320" leftTopY="1088" rightBottomX="352" rightBottomY="1120"/>
      <componentItem name="tDBOutput_6" link="tDBOutput_6" type="tMSSqlOutput" leftTopX="960" leftTopY="1120" rightBottomX="992" rightBottomY="1152"/>
      <componentItem name="tMap_6" link="tMap_6" type="tMap" leftTopX="672" leftTopY="1120" rightBottomX="704" rightBottomY="1152"/>
    </componentList>
    <internalNodeComponents>
      <component icon="pictures/tDBConnection_5.png" uniqueName="tDBConnection_5" label="FactTabe_MainConnection">
        <input>none</input>
        <output>none</output>
        <componentType>tMSSqlConnection</componentType>
        <parameters>
          <column name="Database" value="tMSSqlConnection"/>
          <column name="Unique Name" value="tDBConnection_5"/>
          <column name="Component Name" value="tMSSqlConnection"/>
          <column name="Version" value="0.102 (ALPHA)"/>
          <column name="Family" value="Databases/DB Specifics/MS_SQL_Server|ELT/Connections"/>
          <column name="Start" value="true"/>
          <column name="Startable" value="true"/>
          <column name="SUBTREE_START" value="true"/>
          <column name="END_OF_FLOW" value="true"/>
          <column name="Activate" value="true"/>
          <column name="DUMMY" value="false"/>
          <column name="tStatCatcher Statistics" value="false"/>
          <column name="Help" value="org.talend.help.tMSSqlConnection"/>
          <column name="Update components" value="true"/>
          <column name="IREPORT_PATH" value=""/>
          <column name="JAVA_LIBRARY_PATH" value="C:\TDI\configuration\lib\java"/>
          <column name="Subjob color" value=""/>
          <column name="Title color" value=""/>
          <column name="Property Type" value="repository: DB (MSSQL):SQLDWConnection"/>
          <column name="JDBC Provider" value="JTDS"/>
          <column name="Host" value="&quot;localhost&quot;"/>
          <column name="Database Driver" value="MSSQL"/>
          <column name="Port" value="&quot;1433&quot;"/>
          <column name="Schema" value="&quot;dbo&quot;"/>
          <column name="Database" value="&quot;MatchDW&quot;"/>
          <column name="Username" value="&quot;TalendConnection&quot;"/>
          <column name="Password" value="************"/>
          <column name="Encoding" value="&quot;ISO-8859-15&quot;"/>
          <column name="Additional JDBC Parameters" value="&quot;&quot;"/>
          <column name="Use or register a shared DB Connection" value="false"/>
          <column name="Shared DB Connection Name" value=""/>
          <column name="Specify a data source alias" value="false"/>
          <column name="Data source alias" value="&quot;&quot;"/>
          <column name="Auto Commit" value="false"/>
          <column name="Share identity insert in multi table" value="false"/>
          <column name="Label format" value="FactTabe_MainConnection"/>
          <column name="Hint format" value="&lt;b&gt;__UNIQUE_NAME__&lt;/b&gt;&lt;br&gt;__COMMENT__"/>
          <column name="Connection format" value="row"/>
          <column name="Show Information" value="false"/>
          <column name="Comment" value=""/>
          <column name="Use an existing validation rule" value="false"/>
          <column name="Validation Rule Type" value=""/>
        </parameters>
      </component>
      <component icon="pictures/tDBInput_10.png" uniqueName="tDBInput_10" label="League">
        <input>none</input>
        <output link="tMap_6">tMap_6</output>
        <componentType>tMSSqlInput</componentType>
        <parameters>
          <column name="Database" value="tMSSqlInput"/>
          <column name="Unique Name" value="tDBInput_10"/>
          <column name="Component Name" value="tMSSqlInput"/>
          <column name="Version" value="0.102 (ALPHA)"/>
          <column name="Family" value="Databases/DB Specifics/MS_SQL_Server"/>
          <column name="Start" value="false"/>
          <column name="Startable" value="true"/>
          <column name="SUBTREE_START" value="false"/>
          <column name="END_OF_FLOW" value="false"/>
          <column name="Activate" value="true"/>
          <column name="DUMMY" value="false"/>
          <column name="tStatCatcher Statistics" value="false"/>
          <column name="Help" value="org.talend.help.tMSSqlInput"/>
          <column name="Update components" value="true"/>
          <column name="IREPORT_PATH" value=""/>
          <column name="JAVA_LIBRARY_PATH" value="C:\TDI\configuration\lib\java"/>
          <column name="Subjob color" value=""/>
          <column name="Title color" value=""/>
          <column name="Use an existing connection" value="false"/>
          <column name="Component List" value=""/>
          <column name="Property Type" value="repository: DB (MSSQL):SQLDWConnection"/>
          <column name="Host" value="&quot;localhost&quot;"/>
          <column name="JDBC Provider" value="JTDS"/>
          <column name="Database Driver" value="MSSQL"/>
          <column name="Port" value="&quot;1433&quot;"/>
          <column name="Schema" value="&quot;dbo&quot;"/>
          <column name="Database" value="&quot;MatchDW&quot;"/>
          <column name="Username" value="&quot;TalendConnection&quot;"/>
          <column name="Password" value="************"/>
          <column name="REPOSITORY_ALLOW_AUTO_SWITCH" value="true"/>
          <column name="Schema" value="Built-In"/>
          <column name="Table Name" value="&quot;League_Dimension&quot;"/>
          <column name="Query Type" value="Built-In"/>
          <column name="Guess Schema" value="&quot;&quot;"/>
          <column name="Query" value="&quot;select League_ID FROM League_Dimension&quot;"/>
          <column name="Specify a data source alias" value="false"/>
          <column name="Data source alias" value="&quot;&quot;"/>
          <column name="Mapping" value="id_MSSQL"/>
          <column name="Additional JDBC Parameters" value="&quot;&quot;"/>
          <column name="Encoding" value="&quot;ISO-8859-15&quot;"/>
          <column name="Trim all the String/Char columns" value="false"/>
          <column name="Trim column" value="[{SCHEMA_COLUMN=League_ID, TRIM=false}]"/>
          <column name="Label format" value="League"/>
          <column name="Hint format" value="&lt;b&gt;__UNIQUE_NAME__&lt;/b&gt;&lt;br&gt;__COMMENT__"/>
          <column name="Connection format" value="row"/>
          <column name="Show Information" value="false"/>
          <column name="Comment" value=""/>
          <column name="Use an existing validation rule" value="false"/>
          <column name="Validation Rule Type" value=""/>
        </parameters>
        <schemas>
          <schema name="tDBInput_10">
            <column name="League_ID" key="false" type="int" length="10" precision="" nullable="false" comment=""/>
          </schema>
        </schemas>
      </component>
      <component icon="pictures/tDBInput_11.png" uniqueName="tDBInput_11" label="Match">
        <input>none</input>
        <output link="tMap_6">tMap_6</output>
        <componentType>tMSSqlInput</componentType>
        <parameters>
          <column name="Database" value="tMSSqlInput"/>
          <column name="Unique Name" value="tDBInput_11"/>
          <column name="Component Name" value="tMSSqlInput"/>
          <column name="Version" value="0.102 (ALPHA)"/>
          <column name="Family" value="Databases/DB Specifics/MS_SQL_Server"/>
          <column name="Start" value="false"/>
          <column name="Startable" value="true"/>
          <column name="SUBTREE_START" value="false"/>
          <column name="END_OF_FLOW" value="false"/>
          <column name="Activate" value="true"/>
          <column name="DUMMY" value="false"/>
          <column name="tStatCatcher Statistics" value="false"/>
          <column name="Help" value="org.talend.help.tMSSqlInput"/>
          <column name="Update components" value="true"/>
          <column name="IREPORT_PATH" value=""/>
          <column name="JAVA_LIBRARY_PATH" value="C:\TDI\configuration\lib\java"/>
          <column name="Subjob color" value=""/>
          <column name="Title color" value=""/>
          <column name="Use an existing connection" value="false"/>
          <column name="Component List" value=""/>
          <column name="Property Type" value="repository: DB (MSSQL):SQLDWConnection"/>
          <column name="Host" value="&quot;localhost&quot;"/>
          <column name="JDBC Provider" value="JTDS"/>
          <column name="Database Driver" value="MSSQL"/>
          <column name="Port" value="&quot;1433&quot;"/>
          <column name="Schema" value="&quot;dbo&quot;"/>
          <column name="Database" value="&quot;MatchDW&quot;"/>
          <column name="Username" value="&quot;TalendConnection&quot;"/>
          <column name="Password" value="************"/>
          <column name="REPOSITORY_ALLOW_AUTO_SWITCH" value="true"/>
          <column name="Schema" value="Built-In"/>
          <column name="Table Name" value="&quot;Match_Dimension&quot;"/>
          <column name="Query Type" value="Built-In"/>
          <column name="Guess Schema" value="&quot;&quot;"/>
          <column name="Query" value="&quot;select Match_ID, Home_Team_ID, Away_Team_ID, Home_Team_Goals, Away_Team_Goals, Match_Date FROM Match_Dimension&quot;"/>
          <column name="Specify a data source alias" value="false"/>
          <column name="Data source alias" value="&quot;&quot;"/>
          <column name="Mapping" value="id_MSSQL"/>
          <column name="Additional JDBC Parameters" value="&quot;&quot;"/>
          <column name="Encoding" value="&quot;ISO-8859-15&quot;"/>
          <column name="Trim all the String/Char columns" value="false"/>
          <column name="Trim column" value="[{SCHEMA_COLUMN=Match_ID, TRIM=false}, {SCHEMA_COLUMN=Home_Team_ID, TRIM=false}, {SCHEMA_COLUMN=Away_Team_ID, TRIM=false}, {SCHEMA_COLUMN=Home_Team_Goals, TRIM=false}, {SCHEMA_COLUMN=Away_Team_Goals, TRIM=false}, {SCHEMA_COLUMN=Match_Date, TRIM=false}]"/>
          <column name="Label format" value="Match"/>
          <column name="Hint format" value="&lt;b&gt;__UNIQUE_NAME__&lt;/b&gt;&lt;br&gt;__COMMENT__"/>
          <column name="Connection format" value="row"/>
          <column name="Show Information" value="false"/>
          <column name="Comment" value=""/>
          <column name="Use an existing validation rule" value="false"/>
          <column name="Validation Rule Type" value=""/>
        </parameters>
        <schemas>
          <schema name="tDBInput_11">
            <column name="Match_ID" key="false" type="int" length="10" precision="" nullable="false" comment=""/>
            <column name="Home_Team_ID" key="false" type="int" length="10" precision="" nullable="false" comment=""/>
            <column name="Away_Team_ID" key="false" type="int" length="10" precision="" nullable="false" comment=""/>
            <column name="Home_Team_Goals" key="false" type="int" length="10" precision="" nullable="false" comment=""/>
            <column name="Away_Team_Goals" key="false" type="int" length="10" precision="" nullable="false" comment=""/>
            <column name="Match_Date" key="false" type="String" length="27" precision="" nullable="false" comment=""/>
          </schema>
        </schemas>
      </component>
      <component icon="pictures/tDBInput_8.png" uniqueName="tDBInput_8" label="Date">
        <input>none</input>
        <output link="tMap_6">tMap_6</output>
        <componentType>tMSSqlInput</componentType>
        <parameters>
          <column name="Database" value="tMSSqlInput"/>
          <column name="Unique Name" value="tDBInput_8"/>
          <column name="Component Name" value="tMSSqlInput"/>
          <column name="Version" value="0.102 (ALPHA)"/>
          <column name="Family" value="Databases/DB Specifics/MS_SQL_Server"/>
          <column name="Start" value="true"/>
          <column name="Startable" value="true"/>
          <column name="SUBTREE_START" value="true"/>
          <column name="END_OF_FLOW" value="false"/>
          <column name="Activate" value="true"/>
          <column name="DUMMY" value="false"/>
          <column name="tStatCatcher Statistics" value="false"/>
          <column name="Help" value="org.talend.help.tMSSqlInput"/>
          <column name="Update components" value="true"/>
          <column name="IREPORT_PATH" value=""/>
          <column name="JAVA_LIBRARY_PATH" value="C:\TDI\configuration\lib\java"/>
          <column name="Subjob color" value=""/>
          <column name="Title color" value=""/>
          <column name="Use an existing connection" value="false"/>
          <column name="Component List" value=""/>
          <column name="Property Type" value="repository: DB (MSSQL):SQLDWConnection"/>
          <column name="Host" value="&quot;localhost&quot;"/>
          <column name="JDBC Provider" value="JTDS"/>
          <column name="Database Driver" value="MSSQL"/>
          <column name="Port" value="&quot;1433&quot;"/>
          <column name="Schema" value="&quot;dbo&quot;"/>
          <column name="Database" value="&quot;MatchDW&quot;"/>
          <column name="Username" value="&quot;TalendConnection&quot;"/>
          <column name="Password" value="************"/>
          <column name="REPOSITORY_ALLOW_AUTO_SWITCH" value="true"/>
          <column name="Schema" value="Built-In"/>
          <column name="Table Name" value="&quot;Date_Dimension&quot;"/>
          <column name="Query Type" value="Built-In"/>
          <column name="Guess Schema" value="&quot;&quot;"/>
          <column name="Query" value="&quot;select Date FROM Date_Dimension&quot;"/>
          <column name="Specify a data source alias" value="false"/>
          <column name="Data source alias" value="&quot;&quot;"/>
          <column name="Mapping" value="id_MSSQL"/>
          <column name="Additional JDBC Parameters" value="&quot;&quot;"/>
          <column name="Encoding" value="&quot;ISO-8859-15&quot;"/>
          <column name="Trim all the String/Char columns" value="false"/>
          <column name="Trim column" value="[{SCHEMA_COLUMN=Date, TRIM=false}]"/>
          <column name="Label format" value="Date"/>
          <column name="Hint format" value="&lt;b&gt;__UNIQUE_NAME__&lt;/b&gt;&lt;br&gt;__COMMENT__"/>
          <column name="Connection format" value="row"/>
          <column name="Show Information" value="false"/>
          <column name="Comment" value=""/>
          <column name="Use an existing validation rule" value="false"/>
          <column name="Validation Rule Type" value=""/>
        </parameters>
        <schemas>
          <schema name="tDBInput_8">
            <column name="Date" key="false" type="String" length="27" precision="" nullable="false" comment=""/>
          </schema>
        </schemas>
      </component>
      <component icon="pictures/tDBInput_9.png" uniqueName="tDBInput_9" label="Country">
        <input>none</input>
        <output link="tMap_6">tMap_6</output>
        <componentType>tMSSqlInput</componentType>
        <parameters>
          <column name="Database" value="tMSSqlInput"/>
          <column name="Unique Name" value="tDBInput_9"/>
          <column name="Component Name" value="tMSSqlInput"/>
          <column name="Version" value="0.102 (ALPHA)"/>
          <column name="Family" value="Databases/DB Specifics/MS_SQL_Server"/>
          <column name="Start" value="false"/>
          <column name="Startable" value="true"/>
          <column name="SUBTREE_START" value="false"/>
          <column name="END_OF_FLOW" value="false"/>
          <column name="Activate" value="true"/>
          <column name="DUMMY" value="false"/>
          <column name="tStatCatcher Statistics" value="false"/>
          <column name="Help" value="org.talend.help.tMSSqlInput"/>
          <column name="Update components" value="true"/>
          <column name="IREPORT_PATH" value=""/>
          <column name="JAVA_LIBRARY_PATH" value="C:\TDI\configuration\lib\java"/>
          <column name="Subjob color" value=""/>
          <column name="Title color" value=""/>
          <column name="Use an existing connection" value="false"/>
          <column name="Component List" value=""/>
          <column name="Property Type" value="repository: DB (MSSQL):SQLDWConnection"/>
          <column name="Host" value="&quot;localhost&quot;"/>
          <column name="JDBC Provider" value="JTDS"/>
          <column name="Database Driver" value="MSSQL"/>
          <column name="Port" value="&quot;1433&quot;"/>
          <column name="Schema" value="&quot;dbo&quot;"/>
          <column name="Database" value="&quot;MatchDW&quot;"/>
          <column name="Username" value="&quot;TalendConnection&quot;"/>
          <column name="Password" value="************"/>
          <column name="REPOSITORY_ALLOW_AUTO_SWITCH" value="true"/>
          <column name="Schema" value="Built-In"/>
          <column name="Table Name" value="&quot;Country_Dimension&quot;"/>
          <column name="Query Type" value="Built-In"/>
          <column name="Guess Schema" value="&quot;&quot;"/>
          <column name="Query" value="&quot;select Country_ID FROM Country_Dimension&quot;"/>
          <column name="Specify a data source alias" value="false"/>
          <column name="Data source alias" value="&quot;&quot;"/>
          <column name="Mapping" value="id_MSSQL"/>
          <column name="Additional JDBC Parameters" value="&quot;&quot;"/>
          <column name="Encoding" value="&quot;ISO-8859-15&quot;"/>
          <column name="Trim all the String/Char columns" value="false"/>
          <column name="Trim column" value="[{SCHEMA_COLUMN=Country_ID, TRIM=false}]"/>
          <column name="Label format" value="Country"/>
          <column name="Hint format" value="&lt;b&gt;__UNIQUE_NAME__&lt;/b&gt;&lt;br&gt;__COMMENT__"/>
          <column name="Connection format" value="row"/>
          <column name="Show Information" value="false"/>
          <column name="Comment" value=""/>
          <column name="Use an existing validation rule" value="false"/>
          <column name="Validation Rule Type" value=""/>
        </parameters>
        <schemas>
          <schema name="tDBInput_9">
            <column name="Country_ID" key="false" type="int" length="10" precision="" nullable="false" comment=""/>
          </schema>
        </schemas>
      </component>
      <component icon="pictures/tDBOutput_6.png" uniqueName="tDBOutput_6" label="FactOutput">
        <input link="tMap_6">tMap_6</input>
        <input link="tDBInput_9">tDBInput_9</input>
        <input link="tDBInput_10">tDBInput_10</input>
        <input link="tDBInput_11">tDBInput_11</input>
        <output>none</output>
        <componentType>tMSSqlOutput</componentType>
        <parameters>
          <column name="Database" value="tMSSqlOutput"/>
          <column name="Unique Name" value="tDBOutput_6"/>
          <column name="Component Name" value="tMSSqlOutput"/>
          <column name="Version" value="0.102 (ALPHA)"/>
          <column name="Family" value="Databases/DB Specifics/MS_SQL_Server"/>
          <column name="Startable" value="false"/>
          <column name="SUBTREE_START" value="false"/>
          <column name="END_OF_FLOW" value="true"/>
          <column name="Activate" value="true"/>
          <column name="DUMMY" value="false"/>
          <column name="tStatCatcher Statistics" value="false"/>
          <column name="Help" value="org.talend.help.tMSSqlOutput"/>
          <column name="Update components" value="true"/>
          <column name="IREPORT_PATH" value=""/>
          <column name="JAVA_LIBRARY_PATH" value="C:\TDI\configuration\lib\java"/>
          <column name="Subjob color" value=""/>
          <column name="Title color" value=""/>
          <column name="Property Type" value="repository: DB (MSSQL):SQLDWConnection"/>
          <column name="Use an existing connection" value="false"/>
          <column name="Component List" value=""/>
          <column name="JDBC Provider" value="JTDS"/>
          <column name="Host" value="&quot;localhost&quot;"/>
          <column name="Port" value="&quot;1433&quot;"/>
          <column name="Schema" value="&quot;dbo&quot;"/>
          <column name="Database" value="&quot;MatchDW&quot;"/>
          <column name="Database Driver" value="MSSQL"/>
          <column name="Username" value="&quot;TalendConnection&quot;"/>
          <column name="Password" value="************"/>
          <column name="Table" value="&quot;Points_Fact&quot;"/>
          <column name="Action on table" value="NONE"/>
          <column name="Turn on Identity insert" value="false"/>
          <column name="Action on data" value="INSERT"/>
          <column name="Specify identity field" value="false"/>
          <column name="Identity field" value="Date_ID"/>
          <column name="Start value" value="1"/>
          <column name="Step" value="1"/>
          <column name="REPOSITORY_ALLOW_AUTO_SWITCH" value="true"/>
          <column name="Schema" value="Built-In"/>
          <column name="Reject Schema" value="Built-In"/>
          <column name="Specify a data source alias" value="false"/>
          <column name="Data source alias" value="&quot;&quot;"/>
          <column name="Die on error" value="false"/>
          <column name="Mapping" value="id_MSSQL"/>
          <column name="Additional JDBC Parameters" value="&quot;&quot;"/>
          <column name="Use alternate schema" value="false"/>
          <column name="Schema" value="&quot;&quot;"/>
          <column name="Encoding" value="&quot;ISO-8859-15&quot;"/>
          <column name="Commit every" value="10000"/>
          <column name="Additional columns" value="[]"/>
          <column name="Use field options" value="false"/>
          <column name="Field options" value="[{SCHEMA_COLUMN=Date_ID, UPDATE_KEY=false, DELETE_KEY=false, UPDATABLE=true, INSERTABLE=true}, {SCHEMA_COLUMN=Country_ID, UPDATE_KEY=false, DELETE_KEY=false, UPDATABLE=true, INSERTABLE=true}, {SCHEMA_COLUMN=League_ID, UPDATE_KEY=false, DELETE_KEY=false, UPDATABLE=true, INSERTABLE=true}, {SCHEMA_COLUMN=Match_ID, UPDATE_KEY=false, DELETE_KEY=false, UPDATABLE=true, INSERTABLE=true}, {SCHEMA_COLUMN=Team_Home_ID, UPDATE_KEY=false, DELETE_KEY=false, UPDATABLE=true, INSERTABLE=true}, {SCHEMA_COLUMN=Team_Away_ID, UPDATE_KEY=false, DELETE_KEY=false, UPDATABLE=true, INSERTABLE=true}, {SCHEMA_COLUMN=Match_Points, UPDATE_KEY=false, DELETE_KEY=false, UPDATABLE=true, INSERTABLE=true}]"/>
          <column name="Ignore date out of range" value="false"/>
          <column name="Debug query mode" value="false"/>
          <column name="Support null in &quot;SQL WHERE&quot; statement" value="false"/>
          <column name="Use Batch Size" value="true"/>
          <column name="Batch Size" value="10000"/>
          <column name="Label format" value="FactOutput"/>
          <column name="Hint format" value="&lt;b&gt;__UNIQUE_NAME__&lt;/b&gt;&lt;br&gt;__COMMENT__"/>
          <column name="Connection format" value="row"/>
          <column name="Show Information" value="false"/>
          <column name="Comment" value=""/>
          <column name="Use an existing validation rule" value="false"/>
          <column name="Validation Rule Type" value=""/>
        </parameters>
        <schemas>
          <schema name="Fact">
            <column name="Date_ID" key="false" type="Object" length="" precision="" nullable="false" comment=""/>
            <column name="Country_ID" key="false" type="int" length="" precision="" nullable="false" comment=""/>
            <column name="League_ID" key="false" type="int" length="" precision="" nullable="false" comment=""/>
            <column name="Match_ID" key="false" type="int" length="" precision="" nullable="false" comment=""/>
            <column name="Team_Home_ID" key="false" type="int" length="" precision="" nullable="false" comment=""/>
            <column name="Team_Away_ID" key="false" type="int" length="" precision="" nullable="false" comment=""/>
            <column name="Match_Points" key="false" type="int" length="" precision="" nullable="false" comment=""/>
          </schema>
        </schemas>
      </component>
    </internalNodeComponents>
    <externalNodeComponents>
      <component icon="pictures/tMap_6.png" uniqueName="tMap_6" label="FactTableMapping" preview="pictures/external_preview_tMap_6.png">
        <input link="tMap_6">tMap_6</input>
        <input link="tDBInput_9">tDBInput_9</input>
        <input link="tDBInput_10">tDBInput_10</input>
        <input link="tDBInput_11">tDBInput_11</input>
        <output link="tDBOutput_6">tDBOutput_6</output>
        <componentType>tMap</componentType>
        <!--tMap_6-->
      </component>
    </externalNodeComponents>
    <connections>
      <connection label="row1" lineStyle="0" metaname="tDBInput_1" offsetLabelX="0" offsetLabelY="0" source="tDBInput_1" target="tLogRow_1"/>
      <connection label="row8" lineStyle="0" metaname="tLogRow_1" offsetLabelX="0" offsetLabelY="0" source="tLogRow_1" target="tFileOutputExcel_1"/>
      <connection label="row5" lineStyle="0" metaname="tDBInput_4" offsetLabelX="0" offsetLabelY="0" source="tDBInput_4" target="tLogRow_5"/>
      <connection label="row9" lineStyle="0" metaname="tLogRow_5" offsetLabelX="0" offsetLabelY="0" source="tLogRow_5" target="tMap_2"/>
      <connection label="League_Dimension" lineStyle="0" metaname="League_Dimension" offsetLabelX="0" offsetLabelY="0" source="tMap_2" target="tDBOutput_2"/>
      <connection label="row7" lineStyle="0" metaname="tDBInput_6" offsetLabelX="0" offsetLabelY="0" source="tDBInput_6" target="tLogRow_7"/>
      <connection label="row13" lineStyle="0" metaname="tLogRow_7" offsetLabelX="0" offsetLabelY="0" source="tLogRow_7" target="tFileOutputExcel_6"/>
      <connection label="row6" lineStyle="0" metaname="tDBInput_7" offsetLabelX="0" offsetLabelY="0" source="tDBInput_7" target="tLogRow_6"/>
      <connection label="row14" lineStyle="0" metaname="tLogRow_6" offsetLabelX="0" offsetLabelY="0" source="tLogRow_6" target="tFileOutputExcel_7"/>
      <connection label="row15" lineStyle="0" metaname="tDBInput_3" offsetLabelX="0" offsetLabelY="0" source="tDBInput_3" target="tLogRow_2"/>
      <connection label="row2" lineStyle="0" metaname="tLogRow_2" offsetLabelX="0" offsetLabelY="0" source="tLogRow_2" target="tMap_1"/>
      <connection label="Country_Dimension" lineStyle="0" metaname="Country_Dimension" offsetLabelX="0" offsetLabelY="0" source="tMap_1" target="tDBOutput_1"/>
      <connection label="OnSubjobOk" lineStyle="1" metaname="tDBConnection_1" offsetLabelX="0" offsetLabelY="0" source="tDBConnection_1" target="tDBInput_3"/>
      <connection label="OnSubjobOk" lineStyle="1" metaname="tDBConnection_2" offsetLabelX="0" offsetLabelY="0" source="tDBConnection_2" target="tDBInput_4"/>
      <connection label="OnSubjobOk" lineStyle="1" metaname="tDBConnection_4" offsetLabelX="0" offsetLabelY="0" source="tDBConnection_4" target="tDBInput_2"/>
      <connection label="row4" lineStyle="0" metaname="tDBInput_2" offsetLabelX="0" offsetLabelY="0" source="tDBInput_2" target="tLogRow_4"/>
      <connection label="row11" lineStyle="0" metaname="tLogRow_4" offsetLabelX="0" offsetLabelY="0" source="tLogRow_4" target="tMap_5"/>
      <connection label="Date_Dimension" lineStyle="0" metaname="Date_Dimension" offsetLabelX="0" offsetLabelY="0" source="tMap_5" target="tDBOutput_5"/>
      <connection label="row3" lineStyle="0" metaname="tDBInput_5" offsetLabelX="0" offsetLabelY="0" source="tDBInput_5" target="tLogRow_3"/>
      <connection label="row10" lineStyle="0" metaname="tLogRow_3" offsetLabelX="0" offsetLabelY="0" source="tLogRow_3" target="tMap_3"/>
      <connection label="Team_Dimension" lineStyle="0" metaname="Team_Dimension" offsetLabelX="0" offsetLabelY="0" source="tMap_3" target="tDBOutput_3"/>
      <connection label="Match_Dimension" lineStyle="0" metaname="Match_Dimension" offsetLabelX="0" offsetLabelY="0" source="tMap_4" target="tDBOutput_4"/>
      <connection label="DateDim" lineStyle="0" metaname="tDBInput_8" offsetLabelX="0" offsetLabelY="0" source="tDBInput_8" target="tMap_6"/>
      <connection label="Fact" lineStyle="0" metaname="Fact" offsetLabelX="0" offsetLabelY="0" source="tMap_6" target="tDBOutput_6"/>
      <connection label="row16" lineStyle="8" metaname="tDBInput_9" offsetLabelX="-50" offsetLabelY="6" source="tDBInput_9" target="tMap_6"/>
      <connection label="row12" lineStyle="8" metaname="tDBInput_10" offsetLabelX="0" offsetLabelY="0" source="tDBInput_10" target="tMap_6"/>
      <connection label="row17" lineStyle="8" metaname="tDBInput_11" offsetLabelX="0" offsetLabelY="0" source="tDBInput_11" target="tMap_6"/>
    </connections>
  </job>
</project>
