<?xml version="1.1" encoding="UTF-8"?>

<externalNode i18n.job.component.parameters="Component Parameters:" i18n.job.properties="Properties" i18n.job.values="Values" i18n.mapper.table.for="Mapper table for " i18n.mapper.table.properties="Mapper table Properties" i18n.job.name="Name" i18n.tmap.matching.mode="Matching-mode" i18n.mapper.table.isminimized="isMinimized" i18n.tmap.isreject="isReject" i18n.tmap.isrejectinnnerjoin="isRejectInnerJoin" i18n.tmap.isinnerjoin="isInnerJoin" i18n.tmap.expressionfilter="expressionFilter" i18n.mapper.table.metadata.entries="Metadata Table Entries" i18n.job.type="Type" i18n.mapper.table.expression="Expression" i18n.tmap.isnullable="isNullable" i18n.tmap.constraint.entries="Constraint Table Entries" name="tMap_6" preview="pictures/_deyvEP8PEeuis8klK6DXLg-tMap_6-PREVIEW.bmp">
  <parameters>
    <column name="tStatCatcher Statistics">false</column>
    <column name="Mapping links display as:">AUTO</column>
    <column name="Temp data directory path:"></column>
    <column name="Max buffer size (nb of rows):">2000000</column>
    <column name="Ignore trailing zeros for BigDecimal">true</column>
    <column name="Show Information">false</column>
    <column name="Comment"><![CDATA[]]></column>
    <column name="Use an existing validation rule">false</column>
  </parameters>
  <mapperTable type="input">
    <table name="DateDim" matching-mode="UNIQUE_MATCH" lookup-mode="LOAD_ONCE" isMinimized="false" isReject="false" isRejectInnerJoin="false" isInnerJoin="false" isPersistent="false" expressionFilter="null" activateExpressionFilter="false" activateCondensedTool="false" activateColumnNameFilter="false" columnNameFilter="null">
      <metadataTableEntries>
        <entry name="Date" type="String" expression="" isNullable="false"/>
      </metadataTableEntries>
    </table>
    <table name="row16" matching-mode="ALL_ROWS" lookup-mode="LOAD_ONCE" isMinimized="false" isReject="false" isRejectInnerJoin="false" isInnerJoin="false" isPersistent="false" expressionFilter="null" activateExpressionFilter="false" activateCondensedTool="false" activateColumnNameFilter="false" columnNameFilter="null">
      <metadataTableEntries>
        <entry name="Country_ID" type="int" expression="" isNullable="false"/>
      </metadataTableEntries>
    </table>
    <table name="row12" matching-mode="ALL_ROWS" lookup-mode="LOAD_ONCE" isMinimized="false" isReject="false" isRejectInnerJoin="false" isInnerJoin="false" isPersistent="false" expressionFilter="null" activateExpressionFilter="false" activateCondensedTool="false" activateColumnNameFilter="false" columnNameFilter="null">
      <metadataTableEntries>
        <entry name="League_ID" type="int" expression="" isNullable="false"/>
      </metadataTableEntries>
    </table>
    <table name="row17" matching-mode="ALL_MATCHES" lookup-mode="LOAD_ONCE" isMinimized="false" isReject="false" isRejectInnerJoin="false" isInnerJoin="true" isPersistent="false" expressionFilter="null" activateExpressionFilter="false" activateCondensedTool="false" activateColumnNameFilter="false" columnNameFilter="null">
      <metadataTableEntries>
        <entry name="Match_ID" type="int" expression="" isNullable="false"/>
        <entry name="Home_Team_ID" type="int" expression="" isNullable="false"/>
        <entry name="Away_Team_ID" type="int" expression="" isNullable="false"/>
        <entry name="Home_Team_Goals" type="int" expression="" isNullable="false"/>
        <entry name="Away_Team_Goals" type="int" expression="" isNullable="false"/>
        <entry name="Match_Date" type="String" expression="DateDim.Date " isNullable="false"/>
      </metadataTableEntries>
    </table>
  </mapperTable>
  <mapperTable type="output">
    <table name="Fact" isMinimized="false" isReject="false" isRejectInnerJoin="false" isInnerJoin="false" isPersistent="false" expressionFilter="null" activateExpressionFilter="false" activateCondensedTool="false" activateColumnNameFilter="false" columnNameFilter="null">
      <metadataTableEntries>
        <entry name="Date_ID" type="Object" expression="DateDim.Date " isNullable="false"/>
        <entry name="Country_ID" type="int" expression="row16.Country_ID " isNullable="false"/>
        <entry name="League_ID" type="int" expression="row12.League_ID " isNullable="false"/>
        <entry name="Match_ID" type="int" expression="row17.Match_ID " isNullable="false"/>
        <entry name="Team_Home_ID" type="int" expression="row17.Home_Team_ID " isNullable="false"/>
        <entry name="Team_Away_ID" type="int" expression="row17.Away_Team_ID " isNullable="false"/>
        <entry name="Match_Points" type="int" expression="row17.Home_Team_Goals  +  row17.Away_Team_Goals " isNullable="false"/>
      </metadataTableEntries>
    </table>
  </mapperTable>
  <mapperTable type="var">
    <table name="Var" isMinimized="false" isReject="false" isRejectInnerJoin="false" isInnerJoin="false" isPersistent="false" expressionFilter="null" activateExpressionFilter="false" activateCondensedTool="false" activateColumnNameFilter="false" columnNameFilter="null"/>
  </mapperTable>
</externalNode>
